Face,Track Number,Track_Name,Track_Composer,Track_Length,LP_ID,Track Length,Track Filename
A,1,TUPI GUARANI,(Kyre'y),1:47,LP2711,1'56,LP2711_1z1_A01.mp3
A,2,MI PERDON,,2:26,LP2711,2'29,LP2711_1z1_A02.mp3
A,3,EL GAUCHO RAMON,,2:12,LP2711,2'16,LP2711_1z1_A03.mp3
A,4,R. C. 9 CAPITAN BADO,,2:24,LP2711,2'27,LP2711_1z1_A04.mp3
A,5,MARIPOSA MI,(Che valle mi momoravo),2:37,LP2711,2'45,LP2711_1z1_A05.mp3
A,6,INDIA,,6:37,LP2711,6'38,LP2711_1z1_A06.mp3
B,1,AMOR PROFUNDO,(Mboracjhú asy),2:59,LP2711,3'42,LP2711_1z1_B01.mp3
B,2,GLORIA BEATRIZ,,3:17,LP2711,2'20,LP2711_1z1_B02.mp3
B,3,ÑA POCHÓ,,2:40,LP2711,2'45,LP2711_1z1_B03.mp3
B,4,EL PERFUME DE TU FLOR,(Nde poty ryacuangue mi),3:35,LP2711,2'48,LP2711_1z1_B04.mp3
B,5,CHE JAZMIN,,3:06,LP2711,3'08,LP2711_1z1_B05.mp3
B,6,SAN BERNARDINO,,2:35,LP2711,2'37,LP2711_1z1_B06.mp3
B,7,NO ESTOY ENOJADO CONTIGO,(Nda che pochi i nendivé),2:44,LP2711,3'01,LP2711_1z1_B07.mp3
A,1,LOS HERMANOS,Atahualpa Yupanqui,,LP2704,3'18,LP2704_1z1_A01.mp3
A,2,DE LA BAILANTA,Washington Benavidez - Carlos Benavidez,,LP2704,2'59,LP2704_1z1_A02.mp3
A,3,POBRE MARTIN,Georges Brassens,,LP2704,2'52,LP2704_1z1_A03.mp3
A,4,CANCION DE NUESTRO TIEMPO,Ignacio Suárez - Yamandú Palacios,,LP2704,4'16,LP2704_1z1_A04.mp3
A,5,EL GAVILAN,anonyme Vénézuélien,,LP2704,3'15,LP2704_1z1_A05.mp3
B,1,DECIMAS POLITICAS,Yamandú Palacios,,LP2704,5'04,LP2704_1z1_B01.mp3
B,2,CANCION PARA UN HOMBRE-NIÑO,Yamandú Palacios - Ignacio Suárez,,LP2704,2'55,LP2704_1z1_B02.mp3
B,3,CANTO A UN COMPAÑEROCAIDO,Saúl Ibargoyen - Yamandú Palacios,,LP2704,3'28,LP2704_1z1_B03.mp3
B,4,COPLAS AL COMPADRE JUAN MIGUEL,Yamandú Palacios - Oscar del Monte,,LP2704,3'06,LP2704_1z1_B04.mp3
B,5,VEA PATRON,Aníbal Sampayo,,LP2704,2'47,LP2704_1z1_B05.mp3
A,1,SERENATA COCGUA,Diosnel Chase,,LP2719,2'53,LP2719_1z1_A01.mp3
A,2,SELECCION DE POLCAS,Félix Pérez Cardozo,,LP2719,3'09,LP2719_1z1_A02.mp3
A,3,ELVIRA,Germán González,,LP2719,2'30,LP2719_1z1_A03.mp3
A,4,MBORACJHU,Nonato Verón,,LP2719,2'29,LP2719_1z1_A04.mp3
A,5,MIRTHA ELIZABETH,Torga - Alvarez,,LP2719,2'47,LP2719_1z1_A05.mp3
A,6,MARINA,Germán Bobadilla,,LP2719,2'58,LP2719_1z1_A06.mp3
B,1,PARAGUAIPE,J A. Flores - M. Ortíz Guerrero,,LP2719,2'55,LP2719_1z1_B01.mp3
B,2,NOVIA QUERIDA,D Germán - C. Bordón,,LP2719,3'23,LP2719_1z1_B02.mp3
B,3,POLCA TATU,Mot Popular - Rec. y Arr L. Alvarez,,LP2719,2'12,LP2719_1z1_B03.mp3
B,4,EMBELEZO,Aurelio Fiorio,,LP2719,2'09,LP2719_1z1_B04.mp3
B,5,PEQUEÑA FLOR,R. Mendoza - E. Hermosilla,,LP2719,2'47,LP2719_1z1_B05.mp3
B,6,HUMAITA,Aurelio Fiorio,,LP2719,3'25,LP2719_1z1_B06.mp3
A,1,LOS HERMANOS,(Atahualpa Yupanqui),,LP2703,3'17,LP2703_1z1_A01.mp3
A,2,DE LA BAILANTA,(Washington Benavidez-Carlos Benavidez),,LP2703,2'59,LP2703_1z1_A02.mp3
A,3,POBRE MARTIN,(George Brassens),,LP2703,2'52,LP2703_1z1_A03.mp3
A,4,CANCION DE NUESTRO TIEMPO,(Ignacio Suárez-Yamandú Palacios),,LP2703,4'17,LP2703_1z1_A04.mp3
A,5,EL GAVILAN,(Anonimo venezuelano),,LP2703,3'15,LP2703_1z1_A05.mp3
B,1,DECIMAS POLITICAS,(Yamandú Palacios),,LP2703,5'05,LP2703_1z1_B01.mp3
B,2,CANCION PARA UN HOMBRE-NIÑO,(Yamandú Palacios-Ignacio Suárez),,LP2703,2'55,LP2703_1z1_B02.mp3
B,3,CANTO A UN COMPAÑERO CAIDO,(Saúl Ibargoyen-Yamandú Palacios),,LP2703,3'29,LP2703_1z1_B03.mp3
B,4,COPLAS AL COMPADRE JUAN MIGUEL,(Yamandú Palacios-Oscar del Monte),,LP2703,3'07,LP2703_1z1_B04.mp3
B,5,VEA PATRON,(Aníbal Sampayo),,LP2703,2'46,LP2703_1z1_B05.mp3
A,1,CHE MANDUA-VO,de Teodoro S. Mongelós,,LP2716,2'11,LP2716_1z1_A01.mp3
A,2,LUCERITO ALVA,de Eladio Martínez,,LP2716,2'21,LP2716_1z1_A02.mp3
A,3,GUAVIRA POTY,de M. C. Ocampo,,LP2716,2'44,LP2716_1z1_A03.mp3
A,4,ERMITA,de José R. Bogado y E. Orué,,LP2716,2'25,LP2716_1z1_A04.mp3
A,5,MI CARAPEGÜEÑA,de Jorge A. Amarilla y B. Mosqueira,,LP2716,2'44,LP2716_1z1_A05.mp3
A,6,PACHOLÍ,de Eleuterio Villalba,,LP2716,2'41,LP2716_1z1_A06.mp3
A,7,PIRAYÚ - MÍ,de Herminio Giménez,,LP2716,missing,LP2716_1z1_A07.mp3
A,8,PURAJHEI-CHU-I,de Elenita D. Nuñez,,LP2716,missing,LP2716_1z1_A08.mp3
A,9,SERENATA CHU-I,de Francisco Jara,,LP2716,missing,LP2716_1z1_A09.mp3
A,10,CANDOROSA MARIPOSA,de Florencio R. Vera y Augusto Galeano,,LP2716,missing,LP2716_1z1_A10.mp3
B,1,YA VYAKE LO MITA,Motivo Popular,,LP2716,2'53,LP2716_1z1_B01.mp3
B,2,NDA RECOI LA CULPA,de Samuel Aguayo,,LP2716,2'32,LP2716_1z1_B02.mp3
B,3,ISLA SACA,de Santiago Cortesi,,LP2716,2'09,LP2716_1z1_B03.mp3
B,4,GUSTAVITO,de Prisciliano Villalba,,LP2716,2'23,LP2716_1z1_B04.mp3
B,5,FELICIDADES,de Cirilo R. Zayas,,LP2716,2'49,LP2716_1z1_B05.mp3
B,6,24 DE JUNIO F B. C.,de Augusto Galeano,,LP2716,2'37,LP2716_1z1_B06.mp3
B,7,GLADYS,de Eleuterio Villalba,,LP2716,missing,LP2716_1z1_B07.mp3
B,8,CHE SY-MI PORA,de M. C. Ocampo,,LP2716,missing,LP2716_1z1_B08.mp3
B,9,ANGELA ROSA,de F Pérez Cardozo,,LP2716,missing,LP2716_1z1_B09.mp3
B,10,MI SUEÑO DE AMOR,de Jorge A. Amarilla y Prisciliano Villalba,,LP2716,missing,LP2716_1z1_B10.mp3
1.a,1,ANIVE CHE MBOTAVI,(Valentín Gamarra-Nelson Enciso),,LP2717,missing,LP2717_1z1_1.a01.mp3
1.b,2,CHE MBURUCUYA POTY,(Jovino Espinola-Nelson Enciso),,LP2717,missing,LP2717_1z1_1.b02.mp3
1.c,3,DESPRECIOGUI NEMBIASI,(Adriano Cabaña Paredes),,LP2717,missing,LP2717_1z1_1.c03.mp3
1.d,4,VIAI JHA NEMBIASI,(Adriano Cabaña Paredes),solo instrumental,LP2717,missing,LP2717_1z1_1.d04.mp3
1.e,5,"M SERENATA COEMBA
me",(Mauricio Cardozo Ocampo),,LP2717,missing,LP2717_1z1_1.e05.mp3
1.f,6,TOVIA CHE RECOVE,(Juan C. González-Esteban Mora),,LP2717,missing,LP2717_1z1_1.f06.mp3
2.a,1,LEJOS DE TI,(Carlos Alvarez-Nelson Enciso),,LP2717,missing,LP2717_1z1_2.a01.mp3
2.b,2,VEN QUE TE ESPERO,(Florencio Argüello),,LP2717,missing,LP2717_1z1_2.b02.mp3
2.c,3,ALBA ROSA,(José Borda Ferrer-Tomás Benítez Valdez),,LP2717,missing,LP2717_1z1_2.c03.mp3
2.d,4,NOSTALGIA MISIONERA,(Francisco Cardena),solo instrumental,LP2717,missing,LP2717_1z1_2.d04.mp3
2.e,5,ALBA ESTELA,(Florencio Argüello-Tomás Benítez Valdez),,LP2717,missing,LP2717_1z1_2.e05.mp3
2.f,6,POR TU DESDEN,(Pancho Cardena),,LP2717,missing,LP2717_1z1_2.f06.mp3
A,1,Horfandad,,,LP2860,2'45,LP2860_1z1_A01.mp3
A,2,Mi consuelo,,,LP2860,2'51,LP2860_1z1_A02.mp3
A,3,Cholita orureñita,,,LP2860,2'34,LP2860_1z1_A03.mp3
A,4,Teresita,,,LP2860,2'49,LP2860_1z1_A04.mp3
A,5,Vallunita,,,LP2860,2'47,LP2860_1z1_A05.mp3
A,6,Locamente,,,LP2860,2'34,LP2860_1z1_A06.mp3
B,1,Canta pajarillo,,,LP2860,2'51,LP2860_1z1_B01.mp3
B,2,Traición,,,LP2860,2'51,LP2860_1z1_B02.mp3
B,3,Viéndome con otra,,,LP2860,2'31,LP2860_1z1_B03.mp3
B,4,Valle y cordillera,,,LP2860,2'43,LP2860_1z1_B04.mp3
B,5,Mi patria,,,LP2860,2'47,LP2860_1z1_B05.mp3
B,6,Ojos azules,,,LP2860,3'01,LP2860_1z1_B06.mp3
A,1,FELICIDADES,Cirilo R. Zayas.,,LP2718,2'57,LP2718_1z1_A01.mp3
A,2,GUAIMI PYSAPE,Autor anónimo.,,LP2718,2'25,LP2718_1z1_A02.mp3
A,3,MI POBRE VIDA,Armando Rivero-Ramón Arroyo.,,LP2718,2'45,LP2718_1z1_A03.mp3
A,4,GRAN SEÑOR EXTRANJERO,L. Leguizamón.,,LP2718,3'17,LP2718_1z1_A04.mp3
A,5,RECUERDO DE AYER,Pablo Almirón- Aníbal Lovera.,,LP2718,2'46,LP2718_1z1_A05.mp3
A,6,MI SUEÑO FELIZ,Lorenzo Leguizamón.,,LP2718,1'59,LP2718_1z1_A06.mp3
A,7,PALOMA SAITE,"Clementino Ocampo-Tomás B.
Valdez.",,LP2718,3'00,LP2718_1z1_A07.mp3
B,1,OFRENDA DE UN QUERER,Alberto R. Marecos,,LP2718,2'28,LP2718_1z1_B01.mp3
B,2,PARAGUARI,,,LP2718,2'54,LP2718_1z1_B02.mp3
B,3,JOSEFINA,"M. M. Cardozo Ocampo L. G. Aniceto
Sánchez.",,LP2718,3'25,LP2718_1z1_B03.mp3
B,4,NDA RECOI LA CULPA,Autor anónimo.,,LP2718,3'24,LP2718_1z1_B04.mp3
B,5,PIJHARE AMANGUYPE,"FP Cardozo Emi iano
R. Fernández.",,LP2718,3'47,LP2718_1z1_B05.mp3
B,6,CHE VALLEMI YAGUARON,F P Cardozo.,,LP2718,2'49,LP2718_1z1_B06.mp3
B,7,YA TE PERDONE,A. Montoya Correa - E. Martínez.,,LP2718,2'33,LP2718_1z1_B07.mp3
A,1,MUY CERCA DE TI,Giménez-Ben Molar,,LP2705,1'50,LP2705_1z1_A01.mp3
A,2,BOQUITA DE MIEL,J Esculies-J O S. Cordero,,LP2705,2'36,LP2705_1z1_A02.mp3
A,3,EL JANGADERO,Ramón Ayala,,LP2705,2'06,LP2705_1z1_A03.mp3
A,4,TUS LAGRIMAS,D Ortiz-Ben Molar,,LP2705,1'57,LP2705_1z1_A04.mp3
A,5,RECUERDOS DE YPACARAI,D Ortiz-Z de Mirkin,,LP2705,2'13,LP2705_1z1_A05.mp3
A,6,PALOMA BLANCA,Neneco Norton,,LP2705,2'52,LP2705_1z1_A06.mp3
B,1,JUNTITOS LOS DOS,D Ortiz-Z de Mirkin,,LP2705,2'06,LP2705_1z1_B01.mp3
B,2,MI ASUNCION PORA,A. Benítez-A. de los Ríos,,LP2705,2'15,LP2705_1z1_B02.mp3
B,3,QUE SERA DE TI,D Ortiz-M T Márquez,,LP2705,2'18,LP2705_1z1_B03.mp3
B,4,PICAFLOR AZUL,Aníbal Sampayo,,LP2705,2'34,LP2705_1z1_B04.mp3
B,5,QUISIERA DECIRTE,Neneco Norton-J Bernabé,,LP2705,2'31,LP2705_1z1_B05.mp3
B,6,ESPERANZA MIA,Demetrio Ortiz,,LP2705,2'06,LP2705_1z1_B06.mp3
A,1,PUNTANITA,Canción,,LP2710,2'30,LP2710_1z1_A01.mp3
A,2,LUI RYEVU,Galopa,,LP2710,2'46,LP2710_1z1_A02.mp3
A,3,CHE PONCHO CHARAMI,Polka,,LP2710,2'08,LP2710_1z1_A03.mp3
A,4,MISIONES,Galopa,,LP2710,2'43,LP2710_1z1_A04.mp3
A,5,ANI REROVIA,Canción,,LP2710,2'18,LP2710_1z1_A05.mp3
A,6,TAPERE,Canción,,LP2710,2'59,LP2710_1z1_A06.mp3
B,1,CA' AGUI RIACUA,Polka,,LP2710,2'41,LP2710_1z1_B01.mp3
B,2,ASUNCENA,Canción,,LP2710,2'22,LP2710_1z1_B02.mp3
B,3,MAITEIPA CHE IRU CUERA,Polka,,LP2710,2'32,LP2710_1z1_B03.mp3
B,4,QUIOQUIO,Compuesto,,LP2710,2'45,LP2710_1z1_B04.mp3
B,5,ISLA PUCU,Galopa,,LP2710,2'55,LP2710_1z1_B05.mp3
B,6,YAJHA CHE NDIVE,Canción,,LP2710,3'01,LP2710_1z1_B06.mp3
A,1,DALE TU MANO AL INDIO,(Cancion para mi América),,LP2707,1'56,LP2707_1z1_A01.mp3
A,2,A DESALAMBRAR !,BRISONS LES CLOTURES!,,LP2707,2'20,LP2707_1z1_A02.mp3
A,3,DUERME NEGRITO,"DORS, PETIT NOIR",,LP2707,2'38,LP2707_1z1_A03.mp3
A,4,YO NACI EN JACINTO VERA,JE SUIS NE A JACINTO VERA,,LP2707,1'54,LP2707_1z1_A04.mp3
A,5,CRUZ DE LUZ,CROIX DE LUMIERE,,LP2707,2'18,LP2707_1z1_A05.mp3
A,6,MILONGA DE ANDAR LEJOS,MILONGA DES TERRES LOINTAINES,,LP2707,3'05,LP2707_1z1_A06.mp3
A,7,CANCION DEL HOMBRE NUEVO,CHANSON DE L'HOMME NOUVEAU,,LP2707,1'37,LP2707_1z1_A07.mp3
A,8,"a) REMONTANDO LOS RIOS
b) MI PUEBLO","a) EN REMONTANT LES FLEUVES
b) MON PAYS",,LP2707,1'14,LP2707_1z1_A08.mp3
B,1,"a) ME MATAN SI NO TRABAJO
b) SOLDADO, APRENDE A TIRAR
c) RONDA","a) ON ME TUE SI JE NE TRAVAILLE
b) SOLDAT, APPRENDS A TIRER
c) RONDE",,LP2707,2'22,LP2707_1z1_B01.mp3
B,2,"a) CANCIONES
Remansos Remansillo - Variación
-
Cortaron tres arboles
b) DOS BALADAS AMARILLAS","a) CHANSONS
Eaux dormantes - Reflet - Variation
On a coupé trois arbres.
b) DEUX BALLADES JAUNES",,LP2707,1'48,LP2707_1z1_B02.mp3
B,3,"a) MASA
b) PEDRO ROJAS","a) LA MASSE
b) PEDRO ROJAS",,LP2707,1'24,LP2707_1z1_B03.mp3
1.a,1,SERENATA DEL CORAZON,,2.20,LP2712,missing,LP2712_1z1_1.a01.mp3
1.a,2,TE VUELVO A ENCONTRAR,,3.05,LP2712,missing,LP2712_1z1_1.a02.mp3
1.a,3,NOCHES DEL TRIANGULO,,2 12,LP2712,missing,LP2712_1z1_1.a03.mp3
1.a,4,LA VERDAD DE TU AMOR,,2 12,LP2712,missing,LP2712_1z1_1.a04.mp3
1.a,5,ALFONSO LOMA,,2 20,LP2712,missing,LP2712_1z1_1.a05.mp3
1.a,6,COLONIA INDEPENDENCIA,,2.37,LP2712,missing,LP2712_1z1_1.a06.mp3
1b,1,CANTO AL PARAGUAY,,2.55,LP2712,missing,LP2712_1z1_1b01.mp3
1b,2,MIS NOCHES SIN TI,,3 30,LP2712,missing,LP2712_1z1_1b02.mp3
1b,3,PAJARO CAMPANA,,3.20,LP2712,missing,LP2712_1z1_1b03.mp3
1b,4,MI PALMERA DEL MAR,,3.00,LP2712,missing,LP2712_1z1_1b04.mp3
1b,5,NASAINDY POTY (Flor de la luna),,2.47,LP2712,missing,LP2712_1z1_1b05.mp3
1b,6,A MI MADRECITA,,2.27,LP2712,missing,LP2712_1z1_1b06.mp3
1,1,CHE AÑO MI REI (Solitario),(J B. Duarte),,LP2715,missing,LP2715_1z1_101.mp3
1,2,RO JHEYATA TERESITA (Te dejaré Teresita),(N D Girett-M. Peralta),,LP2715,missing,LP2715_1z1_102.mp3
1,3,NDE KEGUYPE PURAJHEI (Canto entre tu sueño),(G. Pérez),,LP2715,missing,LP2715_1z1_103.mp3
1,4,"CHE MBORACJHU TRIGUEÑITA (Mi amor tri-
gueñita)",(J B. Duarte),,LP2715,missing,LP2715_1z1_104.mp3
1,5,PYCASÚ MOROTEMI (Torcacita blanca),(T Gómez-l Insfran),,LP2715,missing,LP2715_1z1_105.mp3
1,6,EYU YEI CE YBOTY (Vuelve mi flor),"(E.
Pérez-A. Matto)",,LP2715,missing,LP2715_1z1_106.mp3
2,1,CHE YBOTY MOROTIMI (Mi blanca flor),(A. Peralta-N. D. Girett),,LP2715,missing,LP2715_1z1_201.mp3
2,2,"PURAJHEI CHE NOVIA RAME (Canción para mi
novia)",(L. Acevedo-l Pesoa),,LP2715,missing,LP2715_1z1_202.mp3
2,3,"NAI MO' A I CHE CAMBIA JHA (No creí que me
cambiaras)",(R. Pérez-C. Gill),,LP2715,missing,LP2715_1z1_203.mp3
2,4,"NDE TAPERE CHE REINDY (Canto a tu hogar de
ayer)",(T S. Mongelós-D. Chase),,LP2715,missing,LP2715_1z1_204.mp3
2,5,CAMISA RECAVO (En busca de camisa),(Arr Aguilera-Insfran),,LP2715,missing,LP2715_1z1_205.mp3
2,6,CHE NE' EMI EJHENDÚ (Escucha mis palabras),(T Gómez),,LP2715,missing,LP2715_1z1_206.mp3
A,1,MACHUPE GUARA,(Cristín Palma-Aristóbulo Aguilera),,LP2714,2'06,LP2714_1z1_A01.mp3
A,2,TECHAGA U CHE NË ÄME,(Valentín Gamarra-Aristóbulo Aguilera),,LP2714,2'42,LP2714_1z1_A02.mp3
A,3,MORENA YURU CLAVEL,(Emilio Bobadilla Cáceres-S. R. Leguizamón),,LP2714,2'42,LP2714_1z1_A03.mp3
A,4,CHE CAMBA RESA YAYAI,,,LP2714,2'50,LP2714_1z1_A04.mp3
A,5,CATÜI CHE MANDU A,(Hilarión Correa),,LP2714,1'53,LP2714_1z1_A05.mp3
A,6,ORQUETA POTY,(T. R. García-Carlos Britez),,LP2714,2'00,LP2714_1z1_A06.mp3
B,1,MI SUEÑO ESPERADO,(S. A. de los Ríos-Florencio Blanco),,LP2714,2'18,LP2714_1z1_B01.mp3
B,2,DON LAVITO,(Nelson Enciso),,LP2714,2'29,LP2714_1z1_B02.mp3
B,3,PITOGUE YURU MY YN I,(Valerio Pereira-Mamerto González),,LP2714,2'58,LP2714_1z1_B03.mp3
B,4,GLADYS MIRTHA,(Esteban López),,LP2714,2'30,LP2714_1z1_B04.mp3
B,5,NDE ARA YVOTY,(Agustín Pérez),,LP2714,2'26,LP2714_1z1_B05.mp3
B,6,JHA CARAPEGUA,(G. B. Lezcano-C. Villalba-E. López),,LP2714,3'08,LP2714_1z1_B06.mp3
1a,1,EL CONIFERAL,Marea,2.03,LP2709,missing,LP2709_1z1_1a01.mp3
1b,2,PAJARITO CANTOR,Taquirari de fuego,2.10,LP2709,missing,LP2709_1z1_1b02.mp3
1a,3,CHOLA MODERNA,Marea,2.30,LP2709,missing,LP2709_1z1_1a03.mp3
1b,4,MARIA INES,Marea lenta,2.05,LP2709,missing,LP2709_1z1_1b04.mp3
1a,5,EL MAR DE PUJATO,Marea lenta,2.10,LP2709,missing,LP2709_1z1_1a05.mp3
1b,6,DE SAN JUAN,Taquirari de fuego,208,LP2709,missing,LP2709_1z1_1b06.mp3
2a,1,PLATERITO,Taquirari de fuego,1.45,LP2709,missing,LP2709_1z1_2a01.mp3
2b,2,MAREA DEL CUMPLEAÑOS,,1:27,LP2709,missing,LP2709_1z1_2b02.mp3
2a,3,AMOROSAS,Taquirari de fuego,2.05,LP2709,missing,LP2709_1z1_2a03.mp3
2b,4,PARA VIGO ME VOY,Marea,240,LP2709,missing,LP2709_1z1_2b04.mp3
2a,5,SALTARIN,Marea lenta,,LP2709,missing,LP2709_1z1_2a05.mp3
2b,6,CARLOS PAZ,Taquirari,1.26,LP2709,missing,LP2709_1z1_2b06.mp3
1.a,1,SARIA,(Canto del Saria) - Polca,2:46,LP2713,missing,LP2713_1z1_1.a01.mp3
1.b,2,VACA RETA,(Querencia del ganado) - Polca,3:18,LP2713,missing,LP2713_1z1_1.b02.mp3
1.c,3,VARELITA SAPUCAI,(El grito de Varelita) - Galopa,1:50,LP2713,missing,LP2713_1z1_1.c03.mp3
1.d,4,BAHIA NEGRA POTY,(Flor de Bahía Negra) - Polca,2:32,LP2713,missing,LP2713_1z1_1.d04.mp3
1.e,5,LAS TRES MARIAS,Polca,2:10,LP2713,missing,LP2713_1z1_1.e05.mp3
1.f,6,SOLDADO CHACO,Polca,2:37,LP2713,missing,LP2713_1z1_1.f06.mp3
2.a,1,PYCUIPE,(Torcacita) - Polca,2:38,LP2713,missing,LP2713_1z1_2.a01.mp3
2.b,2,CHACO BOREAL,Marcha,2:28,LP2713,missing,LP2713_1z1_2.b02.mp3
2.c,3,MBORALJHU JHA TAPERE,(Tapera y amor) Polca,2:52,LP2713,missing,LP2713_1z1_2.c03.mp3
2.d,4,A MI ESTELITA,Polca,2:37,LP2713,missing,LP2713_1z1_2.d04.mp3
2.e,5,CO-AICHANTE AICOSE,(Quisiera vivir así) - Canción,3:12,LP2713,missing,LP2713_1z1_2.e05.mp3
2.f,6,ROSA ISABEL,Polca,2:51,LP2713,missing,LP2713_1z1_2.f06.mp3
2.g,7,EN MI PENSAMIENTO,Canción,3:33,LP2713,missing,LP2713_1z1_2.g07.mp3
2.h,8,VIVA SAN JUAN,Polca,2:13,LP2713,missing,LP2713_1z1_2.h08.mp3
A,1,Eso es el carnaval,"chant seul
populaire",1'57,LP2706,2'00,LP2706_1z1_A01.mp3
A,2,Concerto pour un été,"fanfare
Alain Morisod",2'10,LP2706,2'00,LP2706_1z1_A02.mp3
A,3,"Murga
Chant avec rythmique
(Pot-pourri)",,2'03,LP2706,2'41,LP2706_1z1_A03.mp3
A,4,"Llamadas
(tambours)",,4'19,LP2706,4'24,LP2706_1z1_A04.mp3
A,5,"Yo no se que me han hecho tus ojos
populaire",,2'20,LP2706,2'10,LP2706_1z1_A05.mp3
A,6,"Murga
chant",,2'00,LP2706,2'04,LP2706_1z1_A06.mp3
B,1,"Thème du film ""Le Parrain""",,2'35,LP2706,2'13,LP2706_1z1_B01.mp3
B,2,Chant,,2'50,LP2706,2'09,LP2706_1z1_B02.mp3
B,3,Llamadas (tambours),,4'00,LP2706,2'59,LP2706_1z1_B03.mp3
B,4,Petite Fanfare,,2'05,LP2706,4'05,LP2706_1z1_B04.mp3
B,5,Orchestre,,1'12,LP2706,2'28,LP2706_1z1_B05.mp3
B,6,Murga Rythmique (samba),,2'45,LP2706,1'18,LP2706_1z1_B06.mp3
B,7,"La prohibition (chant + accordéon)
populaire",,1'25,LP2706,2'49,LP2706_1z1_B07.mp3
A,1,ADIOS PUEBLO,Gregorio Cabrera,,LP2727,3'03,LP2727_1z1_A01.mp3
A,2,CONU'U RECAVO,Justo B. Roa,,LP2727,2'07,LP2727_1z1_A02.mp3
A,3,A CARMENCITA,C. Marín Juan B. Barrios,,LP2727,3'18,LP2727_1z1_A03.mp3
A,4,CHE JHEGUI PA RE CANY,Diosnel Chase - Miguel G. Fariña,,LP2727,2'17,LP2727_1z1_A04.mp3
A,5,MARIA CELIA,Gabino Espinola,,LP2727,2'37,LP2727_1z1_A05.mp3
A,6,PEQUEÑA,Oscar Riso,,LP2727,2'47,LP2727_1z1_A06.mp3
B,7,ADIOS OTILIA,Antonio Aguilar Pedro Gauto,,LP2727,missing,LP2727_1z1_B07.mp3
B,8,NDE REHJE AMA'ÉVO,Justo B. Roa,,LP2727,missing,LP2727_1z1_B08.mp3
B,9,MBORACJU NE' É,Justo B. Roa - G. Espinola,,LP2727,missing,LP2727_1z1_B09.mp3
B,10,MIRTA Y FATY,Melanio Alvarenga - Graciela B. Molina,,LP2727,missing,LP2727_1z1_B10.mp3
B,11,DON QUIRINO,Nelson Enciso,,LP2727,missing,LP2727_1z1_B11.mp3
B,12,ADIOS INGRATA,Benito Parodi Luis Giménez,,LP2727,missing,LP2727_1z1_B12.mp3
A,1,MI PUEBLITO SUPUCAI,(F. Bogado),,LP2732,3'08,LP2732_1z1_A01.mp3
A,2,MUCHACHITA,(Mitacuñá) (Félix V. Bogado),,LP2732,2'18,LP2732_1z1_A02.mp3
A,3,A PARAGUARI,(F. V. Bogado - A. Vera),,LP2732,2'23,LP2732_1z1_A03.mp3
A,4,CHE SY PORE'Y ME,(Félix V. Bogado),,LP2732,2'41,LP2732_1z1_A04.mp3
A,5,VY'A'Y YUAJU RIRE,(Hery Lugo - F. V. Bogado),,LP2732,2'30,LP2732_1z1_A05.mp3
A,6,NDE REJHE'Y,(N. Norton - M. Mora),,LP2732,2'23,LP2732_1z1_A06.mp3
B,1,CHE RA'AROMI CHE CAMBA,(Andrés C. Zaldívar),,LP2732,3'27,LP2732_1z1_B01.mp3
B,2,MI DIOSA AUSENTE,(A. Chilabert F. V. Bogado),,LP2732,3'28,LP2732_1z1_B02.mp3
B,3,ROGELIO ALVARENGA,(A. Chilabert - F. V Bogado),,LP2732,3'05,LP2732_1z1_B03.mp3
B,4,NE ÑAÑAGUI CHE CAMBA,(Ramón Vargas C.),,LP2732,2'13,LP2732_1z1_B04.mp3
B,5,NDE RECHA SEGUI,(Isaac Chilabert),,LP2732,2'16,LP2732_1z1_B05.mp3
B,6,NDE PUCAVY CHE RENOI,(Hnos. Yambay),,LP2732,2'44,LP2732_1z1_B06.mp3
A,1,MAMA VIEJA,,,LP2850,3'07,LP2850_1z1_A01.mp3
A,2,CUECA DE VILLA RIVERO,,,LP2850,2'52,LP2850_1z1_A02.mp3
A,3,CARMEN ROSA,,,LP2850,2'39,LP2850_1z1_A03.mp3
A,4,CANTA PAJARILLO,,,LP2850,2'49,LP2850_1z1_A04.mp3
A,5,SIN NOMBRE,,,LP2850,2'50,LP2850_1z1_A05.mp3
A,6,DESTACAMENTO 111,,,LP2850,3'40,LP2850_1z1_A06.mp3
B,1,PICAFLOR,,,LP2850,2'45,LP2850_1z1_B01.mp3
B,2,MI CONSUELO,,,LP2850,2'50,LP2850_1z1_B02.mp3
B,3,SANLORENCINA,,,LP2850,2'51,LP2850_1z1_B03.mp3
B,4,SELECCION DE HUAYÑOS,,,LP2850,2'37,LP2850_1z1_B04.mp3
B,5,TRAICION,,,LP2850,2'49,LP2850_1z1_B05.mp3
B,6,VALLE Y CORDILLERA,,,LP2850,2'42,LP2850_1z1_B06.mp3
A,1,ARI CHOLITA,Panchito Sosa,,LP2845,4'52,LP2845_1z1_A01.mp3
A,2,ALBANIL,Panchito Sosa,,LP2845,1'26,LP2845_1z1_A02.mp3
A,3,PAÑUELO BLANCO,Del Folklore Boliviano,,LP2845,3'14,LP2845_1z1_A03.mp3
A,4,FUSILAMIENTO,Panchito Sosa,,LP2845,3'27,LP2845_1z1_A04.mp3
A,5,HUASCAS COSTALES,Panchito Sosa,,LP2845,2'42,LP2845_1z1_A05.mp3
A,6,LA PULGUITA,Panchito Sosa,,LP2845,3'23,LP2845_1z1_A06.mp3
B,1,PANCHITO EN COCHABAMBA,Panchito Sosa,,LP2845,12'42,LP2845_1z1_B01.mp3
B,2,COPAS DE LICOR,DR.,,LP2845,missing,LP2845_1z1_B02.mp3
B,3,BAILECITOS,Panchito Sosa,,LP2845,missing,LP2845_1z1_B03.mp3
B,4,EL AVENTURERO,D. R.,,LP2845,missing,LP2845_1z1_B04.mp3
1.a,1,Loco de amor,J. M. Arteaga,,LP2842,missing,LP2842_1z1_1.a01.mp3
1.b,2,Gotas de llanto,Dpto. del Folklore Boliv,,LP2842,missing,LP2842_1z1_1.b02.mp3
1.c,3,Orgullosa Pocohuateña,Los Pocohuateños,,LP2842,missing,LP2842_1z1_1.c03.mp3
1.d,4,Cruzando la cordillera,Dpto. del Folklore Boliv.,,LP2842,missing,LP2842_1z1_1.d04.mp3
1.e,5,Leche Yuro,Dpto. del Folklore Boliv,,LP2842,missing,LP2842_1z1_1.e05.mp3
1.f,6,Carnaval Valluna,Dpto. del Folklore Boliv,,LP2842,missing,LP2842_1z1_1.f06.mp3
2.a,1,Pretenciosa,D. en A.,,LP2842,missing,LP2842_1z1_2.a01.mp3
2.b,2,Concepción,J. M. Arteaga,,LP2842,missing,LP2842_1z1_2.b02.mp3
2.c,3,Selección de Huayños,Dpto. el Folklore Boliv,,LP2842,missing,LP2842_1z1_2.c03.mp3
2.d,4,Camargueñita,Dpto. del Folk. Boliv,,LP2842,missing,LP2842_1z1_2.d04.mp3
2.e,5,Todos Santos,Dpto. del Folk. Boliv,,LP2842,missing,LP2842_1z1_2.e05.mp3
2.f,6,Quien si no tú,Dpto. del Folk. Boliv,,LP2842,missing,LP2842_1z1_2.f06.mp3
A,1,CAMINO DE ABROJOS.,Kaluyo,,LP2857,2'50,LP2857_1z1_A01.mp3
A,2,CUATRO ESTAMOS EN TU PUERTA.,Kaluyo,,LP2857,3'43,LP2857_1z1_A02.mp3
A,3,VIVA MI TIERRA.,Kaluyo,,LP2857,3'04,LP2857_1z1_A03.mp3
A,4,LA VIDITA.,Carnaval vallegrandino,,LP2857,3'39,LP2857_1z1_A04.mp3
A,5,VIAJERITA.,Taquirari,,LP2857,2'38,LP2857_1z1_A05.mp3
A,6,TU RECUERDO.,Carnaval,,LP2857,2'43,LP2857_1z1_A06.mp3
B,1,AGUILITA.,Kaluyo,,LP2857,3'25,LP2857_1z1_B01.mp3
B,2,VALLEGRANDINO.,Kaluyo,,LP2857,2'47,LP2857_1z1_B02.mp3
B,3,CARIDAD.,Kaluyo,,LP2857,3'27,LP2857_1z1_B03.mp3
B,4,SAUCESITO.,Kaluyo,,LP2857,3'10,LP2857_1z1_B04.mp3
B,5,NEGRA ZAMBA.,Kaluyo,,LP2857,3'32,LP2857_1z1_B05.mp3
B,6,CIERTO VIDITA.,Kaluyo,,LP2857,3'11,LP2857_1z1_B06.mp3
1.a,1,RIŇA JHÁPE GUARÉ,Silverio Rojas,,LP2735,missing,LP2735_1z1_1.a01.mp3
1.a,2,TUPÄSY DEL CAMPO,Ramón Vargas Colmán-Emiliano Fernández,,LP2735,missing,LP2735_1z1_1.a02.mp3
1.a,3,TENIENTE ROJAS SILVA,Emilio R. Fernández-Silverio Rojas,,LP2735,missing,LP2735_1z1_1.a03.mp3
1.a,4,MINERO SAPUCÁI,Emilio Bigi-Teodoro S. Mongelós,,LP2735,missing,LP2735_1z1_1.a04.mp3
1.a,5,AQUELLA NOCHE,Emiliano R. Fernández-Pedro J Carlés,,LP2735,missing,LP2735_1z1_1.a05.mp3
1.a,6,EN TU VENTANA,Emiliano R. Fernández-Ramón Vargas Colmán,,LP2735,missing,LP2735_1z1_1.a06.mp3
1b,1,NESÚ JHÁPE,Emliiano R. Fernández-Ramón Vargas Colmán,,LP2735,missing,LP2735_1z1_1b01.mp3
1b,2,EL JARDIN DE MI AMOR,Martín Leguizamón-Cirilo Zayas,,LP2735,missing,LP2735_1z1_1b02.mp3
1b,3,INGRATITUD,Emiliano R. Fernández-Andrés Cuenca Saldívar,,LP2735,missing,LP2735_1z1_1b03.mp3
1b,4,SEPARACION,Emi iano R. Fernández-Ramón Vargas Colmán,,LP2735,missing,LP2735_1z1_1b04.mp3
1b,5,DANZA PARAGUAYA,Agustín Barrios,,LP2735,missing,LP2735_1z1_1b05.mp3
1b,6,CO'ÁPE CHE AVY ÁVÉ,Emi iano R. Fernández-Ramón Vargas Colmán,,LP2735,missing,LP2735_1z1_1b06.mp3
A,1,MI SUEÑO DE ROSA,"Alfonso R. Adorno-Prisciliano
Villalba",,LP2720,2'25,LP2720_1z1_A01.mp3
A,2,ROJHECHA SETEGUI,Cristín Palma,,LP2720,2'00,LP2720_1z1_A02.mp3
A,3,FLOR YUTEÑA,Aristóbulo Aguilera,,LP2720,2'18,LP2720_1z1_A03.mp3
A,4,CHE MBORACJHU REJHE Y,A. Ayala,,LP2720,2'25,LP2720_1z1_A04.mp3
A,5,VYRO REMBIAPO,"José A. Acuña-
Bernardo Avalos.",,LP2720,2'38,LP2720_1z1_A05.mp3
A,6,RAMONCITO,Ramón Domínguez,,LP2720,2'31,LP2720_1z1_A06.mp3
B,1,SAIDI,Prisciliano Villalba-Ramón Miers.,,LP2720,2'20,LP2720_1z1_B01.mp3
B,2,PARA TI GLORIA,Pedro Penayo,,LP2720,2'15,LP2720_1z1_B02.mp3
B,3,TUS OJERAS,Anatacio Rolón Medina-Bernardo Avalos.,,LP2720,2'57,LP2720_1z1_B03.mp3
B,4,NDE RESA YBOTYMI,"C. Salas
Gutiérrez-Delpilar Alvarenga",,LP2720,2'28,LP2720_1z1_B04.mp3
B,5,FARRA I,Marco Torres,,LP2720,2'23,LP2720_1z1_B05.mp3
B,6,AL IRME,Ponciano Florentin-Primitivo Navero.,,LP2720,2'11,LP2720_1z1_B06.mp3
A,1,TENIENTE ROJAS SILVA,Emiliano R. Fernández S. Rojas V.,,LP2728,3'20,LP2728_1z1_A01.mp3
A,2,AQUELLA NOCHE,Pedro J. Carlés - E. R. Fernández.,,LP2728,3'00,LP2728_1z1_A02.mp3
A,3,YVA POBO POTY,"E. R. Fernández
Nito González.",,LP2728,3'11,LP2728_1z1_A03.mp3
A,4,"CO, E TI YA VE",E. R. Fernández - E. Bobadilla Cáceres.,,LP2728,2'39,LP2728_1z1_A04.mp3
A,5,CELINA GAONA,E. R. Fernández - Alejandro Villamayor.,,LP2728,2'36,LP2728_1z1_A05.mp3
A,6,EN TU VENTANA,Emiliano R. Fernández - Ramón Vargas C.,,LP2728,2'31,LP2728_1z1_A06.mp3
B,7,ADIOS MI SUEÑO ADORADO,Pablo Barrios - Iglesias.,,LP2728,missing,LP2728_1z1_B07.mp3
B,8,MI NOVIA AUSENTE,E. R. Fernández - Justo B. Roa.,,LP2728,missing,LP2728_1z1_B08.mp3
B,9,MITA' I RODANTE,Valois Cañete.,,LP2728,missing,LP2728_1z1_B09.mp3
B,10,PUNTEADA OCARA,Enrique Coffier.,,LP2728,missing,LP2728_1z1_B10.mp3
B,11,TRIGUEÑITA,E. R. Fernández - A. Cáceres.,,LP2728,missing,LP2728_1z1_B11.mp3
B,12,TRANSITANDO,E. R. Fernández - B. Melgarejo Molina.,,LP2728,missing,LP2728_1z1_B12.mp3
A,1,EL ARRIERO,R. Fontao Meza - F. P. Cardozo,,LP2729,2'47,LP2729_1z1_A01.mp3
A,2,NANDE ROGA MÍ,Ignacio Melgarejo,,LP2729,2'26,LP2729_1z1_A02.mp3
A,3,BELLA CAMPESINA,O. Corrales - Juan B. Duarte,,LP2729,2'33,LP2729_1z1_A03.mp3
A,4,MINERO SAPUCAI,Emilio Biggi - Teodoro S. Mongelos,,LP2729,2'43,LP2729_1z1_A04.mp3
A,5,OCARAGUA MBORAY JÚ,J. Alarcón - Carlos M. Giménez,,LP2729,2'55,LP2729_1z1_A05.mp3
A,6,CHE MITÄRAMO GUARE,Aníbal Vera,,LP2729,3'11,LP2729_1z1_A06.mp3
B,7,ANGEL DE LA SIERRA,E. Bobadilla Cáceres - C. M. Giménez,,LP2729,3'35,LP2729_1z1_B07.mp3
B,8,NDE VE CHE VALLE,O. Corrales - Juan B. Duarte,,LP2729,missing,LP2729_1z1_B08.mp3
B,9,DANZA PARAGUAYA,Agustín Barrios,,LP2729,missing,LP2729_1z1_B09.mp3
B,10,CHE SY MITA NAÑUA,Enrique C. Bogado,,LP2729,missing,LP2729_1z1_B10.mp3
B,11,OCARAGUA MÍ,Emilio Biggi,,LP2729,missing,LP2729_1z1_B11.mp3
B,12,VAPOR CUE,Cecilio Martínez,,LP2729,missing,LP2729_1z1_B12.mp3
B,13,ARROYOS Y ESTEROS,Mot. Popular Paraguayo - Arreglo M. Cardozo Ocampo,,LP2729,missing,LP2729_1z1_B13.mp3
B,14,RINA JHAPE GUARE,Silveiro Rojas Vargas,,LP2729,missing,LP2729_1z1_B14.mp3
A,1,BAJO EL REINO DE LAS ESTRELLAS,G. Larramendia,,LP2721,2'57,LP2721_1z1_A01.mp3
A,2,ISLA SACA,Santiago Cortesi,,LP2721,2'50,LP2721_1z1_A02.mp3
A,3,YO SE QUE VENDRAS,"Agustín Larramendia Rodolfo
Fuen",,LP2721,2'52,LP2721_1z1_A03.mp3
A,4,MISIONES,F. Pérez Cardozo,,LP2721,2'41,LP2721_1z1_A04.mp3
A,5,ESPERANZA BLANCA,A. Larramendia J. Herrera,,LP2721,2'34,LP2721_1z1_A05.mp3
A,6,CAMPAMENTO CERRO LEON,Arreglo F. Pérez Cardozo,,LP2721,1'55,LP2721_1z1_A06.mp3
B,7,CANTO AL PARAGUAY,"A. de los Ríos E. Cardozo - H.
J. Altinier",,LP2721,missing,LP2721_1z1_B07.mp3
B,8,PALOMA BLANCA,"N. Norton
A. de los
Ríos",,LP2721,missing,LP2721_1z1_B08.mp3
B,9,ANI,Santiago Cortesi,,LP2721,missing,LP2721_1z1_B09.mp3
B,10,"TU CANCION, MADRE",G. Larramendia,,LP2721,missing,LP2721_1z1_B10.mp3
B,11,CHE PARAJE CUE,F. Pérez Cardozo E. R. Fernández,,LP2721,missing,LP2721_1z1_B11.mp3
B,12,TETAGUA SAPUCAY (Grito del Pueblo),"F. Pérez Cardoo - V
Montorfano",,LP2721,missing,LP2721_1z1_B12.mp3
1,1,Eres Rosa,E. R. Fernández - Nuñes B.,,LP2734,missing,LP2734_1z1_101.mp3
1,2,Sinceridad,E. R. Fernández - J. Guerreño,,LP2734,missing,LP2734_1z1_102.mp3
1,3,Para tí Nidia,Ramón Corvalán,,LP2734,missing,LP2734_1z1_103.mp3
1,4,Corochiré,E. R. Fernández - Monges,,LP2734,missing,LP2734_1z1_104.mp3
1,5,Che recové cué,Rec. Alfonso Ortíz,,LP2734,missing,LP2734_1z1_105.mp3
1,6,El cautiverio,E. R. Fernámdez - Nuñez B.,,LP2734,missing,LP2734_1z1_106.mp3
2,1,Mboriajhú memby,E. R. Fernández - Nuñez B.,,LP2734,missing,LP2734_1z1_201.mp3
2,2,Violeta poty mí,A. Pereira - J. Gonzálǝz,,LP2734,missing,LP2734_1z1_202.mp3
2,3,Flores del Señor,Emiliano R. Fernández - Nuñez B.,,LP2734,missing,LP2734_1z1_203.mp3
2,4,Trancitando,E. R. Fernández - Melga - Chase,,LP2734,missing,LP2734_1z1_204.mp3
2,5,Che ñe'e rendúro,E. R Fernández - Nuñez B.,,LP2734,missing,LP2734_1z1_205.mp3
2,6,Yajhántena China,R. Romero S. Alvarez,,LP2734,missing,LP2734_1z1_206.mp3
A,2,POR TUS DESDENES,-Huayño-,,LP2856,2'41,LP2856_1z1_A02.mp3
A,1,QUEJAS DEL ALMA,-Cueca-,,LP2856,3'04,LP2856_1z1_A01.mp3
A,3,JURAME EL CARIÑO,-Bailecito-,,LP2856,3'05,LP2856_1z1_A03.mp3
A,4,TE QUIERO CHAPAQUITA,,,LP2856,2'56,LP2856_1z1_A04.mp3
A,5,URUS,-Cacharpaya-,,LP2856,2'44,LP2856_1z1_A05.mp3
A,6,LEJOS DE TI,-Cueca-,,LP2856,3'02,LP2856_1z1_A06.mp3
B,1,EL ENAMORADO,-Huayño-,,LP2856,2'35,LP2856_1z1_B01.mp3
B,2,OJOS OSCUROS,-Cueca-,,LP2856,2'50,LP2856_1z1_B02.mp3
B,3,OJOS DE KORIQUILLA,-Cacharpaya-,,LP2856,2'55,LP2856_1z1_B03.mp3
B,4,VIDRIERITA DE CRISTAL,-Bailecito-,,LP2856,2'40,LP2856_1z1_B04.mp3
B,5,DESDENES,-Cueca-,,LP2856,3'05,LP2856_1z1_B05.mp3
B,6,AMAPOLA,-Huayño-,,LP2856,2'19,LP2856_1z1_B06.mp3
A,1,EL LAUKA,,,LP2843,3'02,LP2843_1z1_A01.mp3
A,2,CHUNCU CHUNQUITUY,,,LP2843,2'32,LP2843_1z1_A02.mp3
A,3,CARANDAYTI,,,LP2843,3'03,LP2843_1z1_A03.mp3
A,4,ADIOS MI DULCE BIEN,,,LP2843,2'22,LP2843_1z1_A04.mp3
A,5,AUSENCIA,M. Simeon Roncal-L. Guido Villagómez,,LP2843,3'20,LP2843_1z1_A05.mp3
A,6,LA GUITARRA,,,LP2843,2'57,LP2843_1z1_A06.mp3
B,1,LA HERIDA,,,LP2843,2'57,LP2843_1z1_B01.mp3
B,2,EL PATITO,,,LP2843,2'52,LP2843_1z1_B02.mp3
B,3,DESGARRADO,,,LP2843,3'15,LP2843_1z1_B03.mp3
B,4,ROSADA CINTITA,,,LP2843,2'49,LP2843_1z1_B04.mp3
B,5,TCHASCA NAWICITA,,,LP2843,3'01,LP2843_1z1_B05.mp3
B,6,FLOR BENIANITA,Gilberto Rojas,,LP2843,2'45,LP2843_1z1_B06.mp3
A,1,CONDOR PASA,Alomio Robles,,LP2859,3'13,LP2859_1z1_A01.mp3
A,2,DOS AMIGOS (EL LLANTO DE UNA MADRE),D. R.,,LP2859,4'45,LP2859_1z1_A02.mp3
A,3,ESTUDIO PARA CHARANGO,Mauro Nuñez,,LP2859,3'33,LP2859_1z1_A03.mp3
A,4,QUISIERA UN PUÑAL CHARAN-GUERITO HUAYÑO DE YUPANQUI,Dpto. Folklore,,LP2859,2'16,LP2859_1z1_A04.mp3
A,5,KJOSINAIRA,Arreglo de E. Jofré,,LP2859,2'34,LP2859_1z1_A05.mp3
B,1,SARKAWAY,D. R.,,LP2859,2'15,LP2859_1z1_B01.mp3
B,2,ALBOROSO COLLA,Antonio Pantoja,,LP2859,2'04,LP2859_1z1_B02.mp3
B,3,LLAMERADA,Dpto. Folklore,,LP2859,2'04,LP2859_1z1_B03.mp3
B,4,CULLAWUAS,Dpto. Folkore,,LP2859,1'52,LP2859_1z1_B04.mp3
B,5,SIKURIADA,Dpto. Folklore,,LP2859,2'35,LP2859_1z1_B05.mp3
B,6,LA PLATITA,E. Cavour F. Jofré,,LP2859,1'40,LP2859_1z1_B06.mp3
A,1,ASI HAY QUE SER,(Cueca),,LP2844,2'08,LP2844_1z1_A01.mp3
A,2,LOS MORENOS,(Morenada),,LP2844,3'32,LP2844_1z1_A02.mp3
A,3,CELOS,(Cueca),,LP2844,3'07,LP2844_1z1_A03.mp3
A,4,SORATEÑITA,(Huayño),,LP2844,2'53,LP2844_1z1_A04.mp3
A,5,MI SENTIR,(Cueca),,LP2844,3'06,LP2844_1z1_A05.mp3
A,6,EL AMOR ES LINDO,(Huayño),,LP2844,2'54,LP2844_1z1_A06.mp3
B,1,SED DE AMOR,(Cueca),,LP2844,2'47,LP2844_1z1_B01.mp3
B,2,SONIA,(Taquirari),,LP2844,2'29,LP2844_1z1_B02.mp3
B,3,ARBOLITO EN MINIATURA,(Cueca),,LP2844,2'58,LP2844_1z1_B03.mp3
B,4,NOCHES DE SUCRE,(Huayño),,LP2844,2'49,LP2844_1z1_B04.mp3
B,5,CUANDO ME VAYA DE LA PAZ,(Huayño),,LP2844,3'20,LP2844_1z1_B05.mp3
B,6,EN LAS CONCAVIDADES,(Cueca),,LP2844,3'09,LP2844_1z1_B06.mp3
A,1,Rosario,Calixto Mamani,,LP2851,3'31,LP2851_1z1_A01.mp3
A,2,Triunfo de Laja,Primo Aranda,,LP2851,2'39,LP2851_1z1_A02.mp3
A,3,Chiquita Pucareña,D. R.,,LP2851,3'25,LP2851_1z1_A03.mp3
A,4,Rosita,D R.,,LP2851,2'38,LP2851_1z1_A04.mp3
A,5,Juventud relámpago,D R.,,LP2851,2'39,LP2851_1z1_A05.mp3
A,6,Mi negra,Teodoro Rodríguez,,LP2851,3'01,LP2851_1z1_A06.mp3
B,1,Mamala alegre,Primo Aranda,,LP2851,2'58,LP2851_1z1_B01.mp3
B,2,Compadre Pedro,Primo Aranda,,LP2851,2'59,LP2851_1z1_B02.mp3
B,3,Manos en la cartuchera,Primo Aranda,,LP2851,3'16,LP2851_1z1_B03.mp3
B,4,El luminar doctorcito,Primo Aranda,,LP2851,2'07,LP2851_1z1_B04.mp3
B,5,Matraca amarilla,Primo Aranda,,LP2851,2'49,LP2851_1z1_B05.mp3
B,6,Robertito,Victor Idalgo,,LP2851,3'13,LP2851_1z1_B06.mp3
A,1,Madreselva (Planta de bosque),Emiliano R. Fernández,,LP2733,2'44,LP2733_1z1_A01.mp3
A,2,Che yvoty cué mí,Palca - E. R. Fernándes - Nuñez B.,,LP2733,2'24,LP2733_1z1_A02.mp3
A,3,Taravé dispará,Polca - Ramón Corvalán,,LP2733,2'37,LP2733_1z1_A03.mp3
A,4,Tu belleza,Polca E. R. Fernández - Nuñez B.,,LP2733,2'33,LP2733_1z1_A04.mp3
A,5,Mboriajhú äpi,Polca E. Franco F. Pérez,,LP2733,2'36,LP2733_1z1_A05.mp3
A,6,Dulce del Alma,Polca E. R. Fernández - J. P. Ojeda,,LP2733,2'24,LP2733_1z1_A06.mp3
B,1,Mba'épa che aipotá vé,Polca E. R. Fernández,,LP2733,2'50,LP2733_1z1_B01.mp3
B,2,Noche pasionaria,Polca E. R. Fernández - Nuñez B.,,LP2733,3'19,LP2733_1z1_B02.mp3
B,3,Nasaindyrö,Polca O. Corrales J. González,,LP2733,3'10,LP2733_1z1_B03.mp3
B,4,Che ñembyasy mombyry,Mot. Pop. Carabajal - Ovelar,,LP2733,2'54,LP2733_1z1_B04.mp3
B,5,En todas partes,Polca E. R. Fernández,,LP2733,2'00,LP2733_1z1_B05.mp3
B,6,Diosa amada,Polca E. R. Fernández - A. González,,LP2733,2'48,LP2733_1z1_B06.mp3
A,1,ROJHECHA CHE KEPE,Diosnel Chase Miguel G. Fariña,,LP2726,2'40,LP2726_1z1_A01.mp3
A,2,MARAPA REICUAASE,R. Recalde R. Fontao Meza,,LP2726,1'49,LP2726_1z1_A02.mp3
A,3,PYJHARE,E. Bobadilla Cáceres - D. González,,LP2726,3'16,LP2726_1z1_A03.mp3
A,4,ADELAIDA,Oscar Corrales J. Blas Duarte,,LP2726,3'05,LP2726_1z1_A04.mp3
A,5,MOMBYRY CHE REMBIACJUGUI,Rodolfo Roa,,LP2726,2'53,LP2726_1z1_A05.mp3
A,6,NE PORE' Y,"Mmilo Bigi
Mercedes Medina",,LP2726,2'40,LP2726_1z1_A06.mp3
B,7,NDE CHE ROSA PYTAITE,Antonio Aguilar Valois Cañete,,LP2726,missing,LP2726_1z1_B07.mp3
B,8,SOLDADITO DE MI PATRIA,Teodoro Villalba,,LP2726,missing,LP2726_1z1_B08.mp3
B,9,LIRIO MI POTY,Antonio Aguilar Arr. y Recop.,,LP2726,missing,LP2726_1z1_B09.mp3
B,10,MALVITA,Herminio Giménez,,LP2726,missing,LP2726_1z1_B10.mp3
B,11,CHE NDE RAYJHUJHA,Gerardo Arroyo,,LP2726,missing,LP2726_1z1_B11.mp3
B,12,CHINI,Ignacio Melgarejo,,LP2726,missing,LP2726_1z1_B12.mp3
A,1,Ne mba'érante Resedá,Hilarión Correa,,LP2739,2'22,LP2739_1z1_A01.mp3
A,2,Che rendúmína Ramoníta,E. Bobadilla Cáceres C. M. Giménez,,LP2739,2'33,LP2739_1z1_A02.mp3
A,3,Para tí Bella Vista,Papi Meza,,LP2739,2'01,LP2739_1z1_A03.mp3
A,4,Amorcíto cariñoso,R. Reyes M. Alvarenga,,LP2739,2'53,LP2739_1z1_A04.mp3
A,5,Nde rejhé yn,Neneco Norton Maneco Mora,,LP2739,2'21,LP2739_1z1_A05.mp3
A,6,Che ra'aromike cambá,Andrés C. Zaldivar,,LP2739,3'25,LP2739_1z1_A06.mp3
B,1,Che trigueña mí,Eladio Martínez,,LP2739,3'05,LP2739_1z1_B01.mp3
B,2,Adelaida,O. Corrales J. B. Duarte,,LP2739,3'03,LP2739_1z1_B02.mp3
B,3,Purajhéi mí che rupé,Jovino González,,LP2739,2'23,LP2739_1z1_B03.mp3
B,4,Adiós mi sueño adorado,P. Barrios Iglesias,,LP2739,2'34,LP2739_1z1_B04.mp3
B,5,Nostalgias Guaireñas,Aníbal Chilabert,,LP2739,2'46,LP2739_1z1_B05.mp3
B,6,Ne Ñañaguí che cambá,Ramón Vargas C.,,LP2739,2'14,LP2739_1z1_B06.mp3
A,1,TUYUTI,E. R. Fernández - R. Vargas C.,,LP2740,3'31,LP2740_1z1_A01.mp3
A,2,ALBA YOLANDA,Silverio Rojas,,LP2740,2'37,LP2740_1z1_A02.mp3
A,3,SERENATA OCARA,E. R. Fernández R. Vargas C.,,LP2740,2'36,LP2740_1z1_A03.mp3
A,4,NESU JHAPETE,E. R. Fernández - P. Ojeda,,LP2740,2'59,LP2740_1z1_A04.mp3
A,5,CHE AZUCENA MI POTY,Emiliano R. Fernández,,LP2740,2'43,LP2740_1z1_A05.mp3
A,6,Amambay,,,LP2740,missing,LP2740_1z1_A06.mp3
B,1,EN TU RECUERDO,E. R. Fernández P. Ojeda - Mujica,,LP2740,2'05,LP2740_1z1_B01.mp3
B,2,NE MA'E,Ramón Vargas C. L. Dami Terna,,LP2740,2'37,LP2740_1z1_B02.mp3
B,3,A CATALINA,Emiliano R. Fernández,,LP2740,2'37,LP2740_1z1_B03.mp3
B,4,ELSITA AMADA,Juancíto Báez F. V. Bogado,,LP2740,1'53,LP2740_1z1_B04.mp3
B,5,DESENGAÑO,E. R. Fernández-Ramírez Arce,,LP2740,2'45,LP2740_1z1_B05.mp3
B,6,ANINTENA NDE POCHY,E. R. Fernández F. V. Bogado,,LP2740,2'32,LP2740_1z1_B06.mp3
A,1,Flor de Margarita,Juan Espinoza,,LP2837,3'32,LP2837_1z1_A01.mp3
A,2,Araneñita,del Folklore Boliviano,,LP2837,3'00,LP2837_1z1_A02.mp3
A,3,Huérfana Virginia,Simeón Roncal,,LP2837,3'00,LP2837_1z1_A03.mp3
A,4,Arbolito de Naranjo,Departamento Folklore,,LP2837,1'28,LP2837_1z1_A04.mp3
A,5,Poutporri de Bailecitos,Depto. Folklore,,LP2837,2'40,LP2837_1z1_A05.mp3
A,6,Adios me dijo mi negra,Derechos Reservados,,LP2837,3'20,LP2837_1z1_A06.mp3
B,1,Pichinchas,Departamento Folklore,,LP2837,3'48,LP2837_1z1_B01.mp3
B,2,Hurpi ama huaganquichu,Mus. Juan Espinoza,,LP2837,3'18,LP2837_1z1_B02.mp3
B,3,Sargento,Departamento Folklore,,LP2837,3'10,LP2837_1z1_B03.mp3
B,4,Santa Cecilia,Departamento Folklore,,LP2837,2'56,LP2837_1z1_B04.mp3
B,5,Selección de diabladas,Departamento Folklore,,LP2837,3'30,LP2837_1z1_B05.mp3
B,6,Hay para qué,Departamento Folklore,,LP2837,3'02,LP2837_1z1_B06.mp3
A,1,12 DE OCTUBRE,(Andrés Pereira),,LP2731,3'08,LP2731_1z1_A01.mp3
A,2,EL ARRIBEÑO,(Polca) (A. Villamayor - N. Romero Valdovinos),,LP2731,2'16,LP2731_1z1_A02.mp3
A,3,PARA TI MARLENE,(Polca) (Juan Báez - Silverio Rojas V.),,LP2731,2'38,LP2731_1z1_A03.mp3
A,4,NDE RECHÁ GA'ÚGUI,(Polca) (C. M. González - F. González),,LP2731,3'42,LP2731_1z1_A04.mp3
A,5,MI FLOR NATIVA,(Polca) (Ramón Vargas C. - H. Isaac),,LP2731,2'40,LP2731_1z1_A05.mp3
A,6,MATEO GAMARRA,(Compuesto Pop. Paraguayo),,LP2731,3'48,LP2731_1z1_A06.mp3
B,1,TENIENTE GODOY,(Compuesto Arr. Silverio Rojas V.),,LP2731,2'37,LP2731_1z1_B01.mp3
B,2,FELICIDADES ELISABET,(Polca) (S. Rojas V. - V. Fleitas),,LP2731,2'20,LP2731_1z1_B02.mp3
B,3,EUGENIO DURE,(Polca) (Silverio Rojas V.),,LP2731,3'00,LP2731_1z1_B03.mp3
B,4,ÑATITA LINDA,(Polca) (J. D. Morínigo - A. Gómez L.),,LP2731,2'50,LP2731_1z1_B04.mp3
B,5,ROMILDA,(Polca) (Ramón Vargas Colmán),,LP2731,2'07,LP2731_1z1_B05.mp3
B,6,ANAMARIA,(Com. Mot. Pop. Arr. S. Rojas V.),,LP2731,3'51,LP2731_1z1_B06.mp3
1.a,1,SEPARACION,"Emiliano R. Fernández, R. Vargas Colmán",,LP2724,missing,LP2724_1z1_1.a01.mp3
1.a,2,"AMOR, BELLEZA y VIRTUD",Emiliano R. Fernández - Gabino Espínola,,LP2724,missing,LP2724_1z1_1.a02.mp3
1.a,3,RETENPE PYJHARÉ,Emiliano R. Fernández,,LP2724,missing,LP2724_1z1_1.a03.mp3
1.a,4,INGRATITUD,Emiliano R. Fernández Andrés C. Zaldívar,,LP2724,missing,LP2724_1z1_1.a04.mp3
1.a,5,MORENITA ÑAÑAITÉ,Diosnel Chase - Jovino González,,LP2724,missing,LP2724_1z1_1.a05.mp3
1.a,6,ADIOS ROSITA,E. R. Fernández - Barcilicio Echagüe,,LP2724,missing,LP2724_1z1_1.a06.mp3
1.b,7,CO' APE CHÉ AVY' A VÉ,E. R. Fernández - Vargas - Zaldívar,,LP2724,missing,LP2724_1z1_1.b07.mp3
1.b,8,EMILIANO RÉ,Generoso Larramendia - E. Medina,,LP2724,missing,LP2724_1z1_1.b08.mp3
1.b,9,NOCHE DE DICIEMBRE,"G. Espínola
E. R. Fernández",,LP2724,missing,LP2724_1z1_1.b09.mp3
1.b,10,ÑESU JHAPE,"E. R. Fernández
Sánchez",,LP2724,missing,LP2724_1z1_1.b10.mp3
1.b,11,HORAS DE AUSENCIA,"E. R. Fernández
Justo B. Roa",,LP2724,missing,LP2724_1z1_1.b11.mp3
1.b,12,TUPASY DEL CAMPO,Emiliano R. Fernández,,LP2724,missing,LP2724_1z1_1.b12.mp3
A,1,QUILLACOLLO TIERRA QUERIDA,,,LP2846,3'01,LP2846_1z1_A01.mp3
A,2,WILSTERMAN,,,LP2846,2'50,LP2846_1z1_A02.mp3
A,3,MELANCOLICO,,,LP2846,2'42,LP2846_1z1_A03.mp3
A,4,BRISAS DEL VALLE,,,LP2846,3'04,LP2846_1z1_A04.mp3
A,5,ROSAL QUERIDO,,,LP2846,3'08,LP2846_1z1_A05.mp3
A,6,VAMOS BAILANDO,,,LP2846,3'14,LP2846_1z1_A06.mp3
B,1,IMITACION,,,LP2846,6'05,LP2846_1z1_B01.mp3
B,2,AMARGO VIVIR,,,LP2846,6'33,LP2846_1z1_B02.mp3
B,3,LUCILA,,,LP2846,6'22,LP2846_1z1_B03.mp3
B,4,TARATEÑITA,,,LP2846,missing,LP2846_1z1_B04.mp3
B,5,NUEVA ILUSION,,,LP2846,missing,LP2846_1z1_B05.mp3
B,6,HORFANDAD,,,LP2846,missing,LP2846_1z1_B06.mp3
1.a,1,Moto Méndez,Nilo Soruco,,LP2853,missing,LP2853_1z1_1.a01.mp3
1.a,2,Jardinero de amor,Nilo Soruco,,LP2853,missing,LP2853_1z1_1.a02.mp3
1.a,3,Poutpurri chapaco,Del folk. boliv.,,LP2853,missing,LP2853_1z1_1.a03.mp3
1.a,4,"Zamba, Tonada y Cueca Poutpurri",Del folk. boliv.,,LP2853,missing,LP2853_1z1_1.a04.mp3
1.a,5,"Zamba, Tonada y Cueca Poutpurri",Del folk. boliv.,,LP2853,missing,LP2853_1z1_1.a05.mp3
1.a,6,La vendimia,Tradicional (s/violín) - Nilo Soruco,,LP2853,missing,LP2853_1z1_1.a06.mp3
1.b,1,Cuchara y palo,Nilo Soruco,,LP2853,missing,LP2853_1z1_1.b01.mp3
1.b,2,Mataquita,Nilo Soruco,,LP2853,missing,LP2853_1z1_1.b02.mp3
1.b,3,El ausente,Del folk. boliv.,,LP2853,missing,LP2853_1z1_1.b03.mp3
1.b,4,El huerto feliz,Del folk. boliv,,LP2853,missing,LP2853_1z1_1.b04.mp3
1.b,5,Bajo el algarrobo,Del folk. boliv.,,LP2853,missing,LP2853_1z1_1.b05.mp3
1.b,6,Entrerriana,Nilo Soruco,,LP2853,missing,LP2853_1z1_1.b06.mp3
A,1,MI CONFESION,,,LP2849,2'53,LP2849_1z1_A01.mp3
A,2,QUISIERA ESTAR,,,LP2849,3'16,LP2849_1z1_A02.mp3
A,3,PARA QUE ES QUERER,,,LP2849,2'53,LP2849_1z1_A03.mp3
A,4,AMOR PROFUNDO,,,LP2849,2'37,LP2849_1z1_A04.mp3
A,5,MARGARITA,,,LP2849,2'44,LP2849_1z1_A05.mp3
A,6,CORAZON MIO,,,LP2849,3'00,LP2849_1z1_A06.mp3
B,1,SANTA CECILIA,,,LP2849,3'08,LP2849_1z1_B01.mp3
B,2,ASI HAY QUE SER,,,LP2849,2'10,LP2849_1z1_B02.mp3
B,3,LLORE POR TI,,,LP2849,2'51,LP2849_1z1_B03.mp3
B,4,POUTPURRI DE HUAYÑOS,,,LP2849,3'08,LP2849_1z1_B04.mp3
B,5,MARTIRIO,,,LP2849,2'59,LP2849_1z1_B05.mp3
B,6,MENTIROSITA,,,LP2849,3'01,LP2849_1z1_B06.mp3
A,1,LINDA COCHABAMBINITA,Manuel E. Coronel,,LP2838,3'02,LP2838_1z1_A01.mp3
A,2,INFIERNO VERDE,Depto. Folklore,,LP2838,2'54,LP2838_1z1_A02.mp3
A,3,POTPURRI DE HUAYÑOS,del Folklore Boliviano,,LP2838,2'35,LP2838_1z1_A03.mp3
A,4,DE LA SALVADORA,Depto. Folklore,,LP2838,3'03,LP2838_1z1_A04.mp3
A,5,POTPURRI DE BAILECITOS,Depto. Folklore,,LP2838,2'59,LP2838_1z1_A05.mp3
A,6,TRISTE ES AUSENTARSE,Depto. Folklore,,LP2838,2'53,LP2838_1z1_A06.mp3
B,1,FLOR DE MARGARITA,Juan Espinoza,,LP2838,3'27,LP2838_1z1_B01.mp3
B,2,TRAICIONERA,Depto. Folklore,,LP2838,3'08,LP2838_1z1_B02.mp3
B,3,POTPURRI DE HUAYÑOS,Depto. Folklore,,LP2838,2'49,LP2838_1z1_B03.mp3
B,4,MARUJITA,de Manuel E. Coronel,,LP2838,3'03,LP2838_1z1_B04.mp3
B,5,POTPURRI DE HUAYÑOS,Depto. Folklore,,LP2838,2'48,LP2838_1z1_B05.mp3
B,6,FLOR DE NARANJO,Depto. Folklore,,LP2838,3'17,LP2838_1z1_B06.mp3
A,1,El canto del arbolito,,,LP2854,2'24,LP2854_1z1_A01.mp3
A,2,Amor oculto,,,LP2854,2'51,LP2854_1z1_A02.mp3
A,3,No llores,,,LP2854,3'02,LP2854_1z1_A03.mp3
A,4,Para qué,,,LP2854,2'42,LP2854_1z1_A04.mp3
A,5,Huérfana Virginia,,,LP2854,2'48,LP2854_1z1_A05.mp3
A,6,Vil traición,,,LP2854,3'23,LP2854_1z1_A06.mp3
B,1,Dos corazones,,,LP2854,2'41,LP2854_1z1_B01.mp3
B,2,Mi desvelo,,,LP2854,2'49,LP2854_1z1_B02.mp3
B,3,María ojos mentados,,,LP2854,2'42,LP2854_1z1_B03.mp3
B,4,Niña Rita,,,LP2854,2'28,LP2854_1z1_B04.mp3
B,5,Clavelito,,,LP2854,2'26,LP2854_1z1_B05.mp3
B,6,Soy ciprés,,,LP2854,3'13,LP2854_1z1_B06.mp3
A,1,AL AUSENTARME DE TI,Dpto. dei Folk.,,LP2841,2'49,LP2841_1z1_A01.mp3
A,2,ESTALLITAY,Los Brillantes,,LP2841,2'28,LP2841_1z1_A02.mp3
A,3,HUERFANA VIRGINIA,Simeón Roncal,,LP2841,2'45,LP2841_1z1_A03.mp3
A,4,COCHABAMBA LLACTANCHECGA,Los Brillantes,,LP2841,2'56,LP2841_1z1_A04.mp3
A,5,NEGRITA DE MI CORAZON,Dpto. del Folklore,,LP2841,2'55,LP2841_1z1_A05.mp3
A,6,CLAVELES ROJOS,A. Ruiz y G. Rojas,,LP2841,2'49,LP2841_1z1_A06.mp3
B,1,LA CULPABLE,Luis Acha M.,,LP2841,2'47,LP2841_1z1_B01.mp3
B,2,SED DE AMOR,Miguel A. Valda,,LP2841,2'52,LP2841_1z1_B02.mp3
B,3,L duy Qui Manta RIPUSAC,Dpto. del Folklore,,LP2841,2'45,LP2841_1z1_B03.mp3
B,4,LOLITA,Felipe Rivera,,LP2841,2'53,LP2841_1z1_B04.mp3
B,5,ORGULLOSA POCOHUATEÑA,Los Pocohuateños,,LP2841,2'52,LP2841_1z1_B05.mp3
B,6,MARTIRIO,Recop. de L. Rojas,,LP2841,2'52,LP2841_1z1_B06.mp3
A,1,TRIGUEÑITA,,,LP2723,2'46,LP2723_1z1_A01.mp3
A,2,IRMA,,,LP2723,2'31,LP2723_1z1_A02.mp3
A,3,JOSEFINA,,,LP2723,3'10,LP2723_1z1_A03.mp3
A,4,PATITO FEO,,,LP2723,2'45,LP2723_1z1_A04.mp3
A,5,CHE REYA JHA ARA,,,LP2723,2'27,LP2723_1z1_A05.mp3
A,6,3 DE MAYO,,,LP2723,2'16,LP2723_1z1_A06.mp3
B,1,CHE RENDU MI MARIA ANA,,,LP2723,3'34,LP2723_1z1_B01.mp3
B,2,SAN JOSE DE LOS ARROYOS,,,LP2723,2'40,LP2723_1z1_B02.mp3
B,3,BELLA ISATEÑA,,,LP2723,2'30,LP2723_1z1_B03.mp3
B,4,MELODIA TRISTE,,,LP2723,2'42,LP2723_1z1_B04.mp3
B,5,MI DULCE PARAGUAYITA,,,LP2723,2'41,LP2723_1z1_B05.mp3
B,6,ADIOS MI REINA QUERIDA,,,LP2723,2'04,LP2723_1z1_B06.mp3
A,1,Che roga mí,Hilarión Correa,,LP2736,3'22,LP2736_1z1_A01.mp3
A,2,Che rembirecó rä,A. Pereira - J. González,,LP2736,3'03,LP2736_1z1_A02.mp3
A,3,Caballería,Gumercindo Ayala,,LP2736,2'26,LP2736_1z1_A03.mp3
A,4,Tajhachí remimbyasy,D. Chase - A. López,,LP2736,2'45,LP2736_1z1_A04.mp3
A,5,Banda ocara,Teodoro S. Mongelós,,LP2736,2'27,LP2736_1z1_A05.mp3
A,6,Alfonso Loma,Mot. pop. arr. M. Cardozo Ocampo,,LP2736,2'17,LP2736_1z1_A06.mp3
B,1,Sy pore'yn,González,,LP2736,2'41,LP2736_1z1_B01.mp3
B,2,González,F. González,,LP2736,1'59,LP2736_1z1_B02.mp3
B,3,Cororo poty,Matías Guetz,,LP2736,2'57,LP2736_1z1_B03.mp3
B,4,Tapyi jha'eñó,Pedro Barboza,,LP2736,1'53,LP2736_1z1_B04.mp3
B,5,Lagúna tikú,Ramón Reyes,,LP2736,2'08,LP2736_1z1_B05.mp3
B,6,Bella serenata,Emilio Talavera,,LP2736,3'04,LP2736_1z1_B06.mp3
1.a,1,Malvíta-Achuíta-El Suspiro-Norteñita,H. Giménez E. Bigi - W Alvarenga,,LP2737,missing,LP2737_1z1_1.a01.mp3
1.a,2,Ayegustá poyro guaré,J. González A. Pereira,,LP2737,missing,LP2737_1z1_1.a02.mp3
1.a,3,Resedá,Pedro Gamarra,,LP2737,missing,LP2737_1z1_1.a03.mp3
1.a,4,Che lucero aguaí'y,Rec. y arr A. Larramendia,,LP2737,missing,LP2737_1z1_1.a04.mp3
1.a,5,Co'e pyajhú,Ramón Reyes,,LP2737,missing,LP2737_1z1_1.a05.mp3
1.a,6,Nda che pochyi nendive,E. R. Fernández F. P. Cardozo,,LP2737,missing,LP2737_1z1_1.a06.mp3
1.b,1,Che rembiayjú rovetame,T S. Mongelós T Nuñez,,LP2737,missing,LP2737_1z1_1.b01.mp3
1.b,2,Mhoriajhú ñembokí,mot. pop. Carvajal Ovelar,,LP2737,missing,LP2737_1z1_1.b02.mp3
1.b,3,La noche de Benegas,H. Correa,,LP2737,missing,LP2737_1z1_1.b03.mp3
1.b,4,"Mborayjü, jha taperé",A. C. Zaldívar -T C. Giménez,,LP2737,missing,LP2737_1z1_1.b04.mp3
1.b,5,Trigueñíta mí,Leonardo Barrientos,,LP2737,missing,LP2737_1z1_1.b05.mp3
1.b,6,Che mba'é yevy,Andrés B. Zaldivar,,LP2737,missing,LP2737_1z1_1.b06.mp3
A,1,LLEGADA,,,LP2722,2'59,LP2722_1z1_A01.mp3
A,2,MISIONES,,,LP2722,3'02,LP2722_1z1_A02.mp3
A,3,CORONEL MARTINEZ,,,LP2722,2'31,LP2722_1z1_A03.mp3
A,4,TREN LECHERO,,,LP2722,3'57,LP2722_1z1_A04.mp3
A,5,EN TI HALLE CONSUELO,,,LP2722,2'14,LP2722_1z1_A05.mp3
A,6,YATAITY,,,LP2722,2'48,LP2722_1z1_A06.mp3
B,1,MARIA ELSA,,,LP2722,2'51,LP2722_1z1_B01.mp3
B,2,TENIENTE LUIS VELILLA,,,LP2722,3'00,LP2722_1z1_B02.mp3
B,3,ANGELA ROSA,,,LP2722,2'34,LP2722_1z1_B03.mp3
B,4,MI DESPEDIDA,,,LP2722,2'40,LP2722_1z1_B04.mp3
B,5,PAJARO CAMPANA,,,LP2722,2'54,LP2722_1z1_B05.mp3
B,6,CHE ESPERANZA PORAITE,,,LP2722,missing,LP2722_1z1_B06.mp3
A,1,Contestación a mentirosita,Dpto. del Folklore,,LP2840,2'55,LP2840_1z1_A01.mp3
A,2,Celeste cintita,Walter Gonzales,,LP2840,2'01,LP2840_1z1_A02.mp3
A,3,Margarita es mi amor,"Dpto. del
Folklore",,LP2840,2'45,LP2840_1z1_A03.mp3
A,4,Olguita,Hnos. Torrico,,LP2840,2'50,LP2840_1z1_A04.mp3
A,5,Orgullo de Kochala,"Dpto. del
Folklore",,LP2840,2'44,LP2840_1z1_A05.mp3
A,6,Mirtha,P Teran,,LP2840,3'07,LP2840_1z1_A06.mp3
B,1,La naranja nació verde,"Dpto.
del Folklore",,LP2840,2'45,LP2840_1z1_B01.mp3
B,2,A mi palomita,Dpto. del Folklore,,LP2840,2'32,LP2840_1z1_B02.mp3
B,3,Tu amor me vuelve loco,"Dpto.
del Folklore",,LP2840,2'44,LP2840_1z1_B03.mp3
B,4,A la mayor y a la menor,"Dpto.
del Folklore",,LP2840,2'44,LP2840_1z1_B04.mp3
B,5,Cacharpaya,Dpto. del Folklore,,LP2840,2'18,LP2840_1z1_B05.mp3
B,6,Sin nombre,José Torrico,,LP2840,2'39,LP2840_1z1_B06.mp3
A,1,Anteanoche,,,LP2855,3'04,LP2855_1z1_A01.mp3
A,2,Tu desprecio,,,LP2855,2'56,LP2855_1z1_A02.mp3
A,3,Kantutita,,,LP2855,3'01,LP2855_1z1_A03.mp3
A,4,Agüita de pfutina,,,LP2855,2'50,LP2855_1z1_A04.mp3
A,5,Cristina,,,LP2855,2'58,LP2855_1z1_A05.mp3
A,6,Piedra lisa,,,LP2855,2'43,LP2855_1z1_A06.mp3
B,1,Poutpurri de diabladas,,,LP2855,2'42,LP2855_1z1_B01.mp3
B,2,Tantas idas y venidas,,,LP2855,2'56,LP2855_1z1_B02.mp3
B,3,Olvídate,,,LP2855,3'09,LP2855_1z1_B03.mp3
B,4,Chasea ñawicita,,,LP2855,2'58,LP2855_1z1_B04.mp3
B,5,Sipe sipeñita,,,LP2855,2'52,LP2855_1z1_B05.mp3
B,6,A lo Lucho Mejía,,,LP2855,2'46,LP2855_1z1_B06.mp3
A,1,Paloma blanca,,,LP2848,3'05,LP2848_1z1_A01.mp3
A,2,Munacuiqui niwarkanqui,,,LP2848,3'34,LP2848_1z1_A02.mp3
B,1,Sentimiento Borracho,,,LP2848,3'43,LP2848_1z1_B01.mp3
B,2,Kjochalita,,,LP2848,2'53,LP2848_1z1_B02.mp3
B,3,Urpi ama Wuacaychu,,,LP2848,2'55,LP2848_1z1_B03.mp3
B,4,Albarillo Sacha,,,LP2848,2'54,LP2848_1z1_B04.mp3
B,5,Muyuj Wairapi,,,LP2848,6'03,LP2848_1z1_B05.mp3
B,6,Sauce ilorón,,,LP2848,missing,LP2848_1z1_B06.mp3
A,3,Chunquituy Palomitay,,,LP2848,3'02,LP2848_1z1_A03.mp3
A,4,Mamayuj Tatayuj,,,LP2848,2'59,LP2848_1z1_A04.mp3
A,5,Todos Santos,Tradicional,,LP2848,3'04,LP2848_1z1_A05.mp3
A,6,Todos Santos,Tradicional,,LP2848,3'00,LP2848_1z1_A06.mp3
A,1,CLAVELES ROJOS,A. RUIZ G. ROJAS,,LP2839,2'53,LP2839_1z1_A01.mp3
A,2,VIDITA MIA,RECOP. JOSE FERRUFINO,,LP2839,2'47,LP2839_1z1_A02.mp3
A,3,DESDE QUE TE CONOCI,DPTO. DEL FOLKLORE,,LP2839,2'29,LP2839_1z1_A03.mp3
A,4,LLORAR ETERNO,RECOP. LARREA TERAN,,LP2839,3'03,LP2839_1z1_A04.mp3
A,5,EN LAS CONCAVIDADES,CARLOS MERUVIA,,LP2839,3'01,LP2839_1z1_A05.mp3
A,6,LAS PALMERAS,RECOP. G. ROJAS,,LP2839,2'20,LP2839_1z1_A06.mp3
B,1,HUERFANA VIRGINIA,SIMEON RONCAL,,LP2839,2'52,LP2839_1z1_B01.mp3
B,2,PUÑAL ENVENENADO,DPTO. DEL FOLKLORE,,LP2839,3'12,LP2839_1z1_B02.mp3
B,3,HACE RATO,G. ROJAS,,LP2839,2'20,LP2839_1z1_B03.mp3
B,4,STRONGEST,D. R.,,LP2839,2'25,LP2839_1z1_B04.mp3
B,5,MI CONSTANCIA,DPTO. DEL FOLKLORE,,LP2839,2'53,LP2839_1z1_B05.mp3
B,6,HE VENIDO - Jueves de Carnaval -,LOS KURMIS,,LP2839,2'22,LP2839_1z1_B06.mp3
A,1,Naranja madura,,,LP2836,9'10,LP2836_1z1_A01.mp3
A,2,El ladrón,,,LP2836,missing,LP2836_1z1_A02.mp3
A,3,Mala suerte,,,LP2836,missing,LP2836_1z1_A03.mp3
A,4,Paceñita,,,LP2836,2'50,LP2836_1z1_A04.mp3
A,5,Carcajeñita,,,LP2836,2'41,LP2836_1z1_A05.mp3
A,6,Pretenciosa,,,LP2836,2'45,LP2836_1z1_A06.mp3
B,1,Notas de mi guitarra,,,LP2836,2'51,LP2836_1z1_B01.mp3
B,2,Cholita paceña,,,LP2836,3'05,LP2836_1z1_B02.mp3
B,3,Negrita,,,LP2836,2'46,LP2836_1z1_B03.mp3
B,4,Huirito,,,LP2836,2'28,LP2836_1z1_B04.mp3
B,5,Alfombrado verde,,,LP2836,2'53,LP2836_1z1_B05.mp3
B,6,Tranca Llallagua,,,LP2836,3'02,LP2836_1z1_B06.mp3
1.a,1,QUE LINDA ES MI BANDERA,Mauricio Cardozo Ocampo-Hipólito Sánchez Quell,,LP2741,missing,LP2741_1z1_1.a01.mp3
1.b,2,DANZA PARAGUAYA,Agustín Barrios,,LP2741,missing,LP2741_1z1_1.b02.mp3
1.c,3,CERRO CORA,Herminio Giménez-Félix Fernández,,LP2741,missing,LP2741_1z1_1.c03.mp3
1.d,4,SAN JOSE DE LOS ARROYOS,Alberto Ruiz Díaz,,LP2741,missing,LP2741_1z1_1.d04.mp3
1.e,5,ALTO PARANA,Herm nio Giménez-Marily Morales,,LP2741,missing,LP2741_1z1_1.e05.mp3
1.f,6,CORONEL MARTINEZ,Félix Pérez Cardozo,,LP2741,missing,LP2741_1z1_1.f06.mp3
2.a,1,ISLA SACA,Mauricio Cardozo Ocampo-Santiago Cortesi,,LP2741,missing,LP2741_1z1_2.a01.mp3
2.b,2,CHIRICOE,Juan C. Moreno González-M. Frutos Pane,,LP2741,missing,LP2741_1z1_2.b02.mp3
2.c,3,ANGELA ROSA,Félix Pérez Cardozo,,LP2741,missing,LP2741_1z1_2.c03.mp3
2.d,4,TU CABEZA EN MI HOMBRO,"Paulo Borges-Vers. Cast.
Ben Molar",,LP2741,missing,LP2741_1z1_2.d04.mp3
2.e,5,EN TI HALLE CONSUELO,Félix Pérez Cardozo,,LP2741,missing,LP2741_1z1_2.e05.mp3
2.f,6,RENACERA EL PARAGUAY,"Herminio Giménez-Néstor
Romero Valdovinos",,LP2741,missing,LP2741_1z1_2.f06.mp3
A,1,Pocoateñita,,,LP2852,2'50,LP2852_1z1_A01.mp3
A,2,Paloma querida,,,LP2852,2'17,LP2852_1z1_A02.mp3
A,3,Nokaj palomita,,,LP2852,3'06,LP2852_1z1_A03.mp3
A,4,Domingo de tentación,,,LP2852,2'55,LP2852_1z1_A04.mp3
A,5,Viudito,,,LP2852,2'53,LP2852_1z1_A05.mp3
A,6,Luly kenty,,,LP2852,2'46,LP2852_1z1_A06.mp3
B,1,127 de abril,,,LP2852,2'58,LP2852_1z1_B01.mp3
B,2,Mi destino,,,LP2852,3'03,LP2852_1z1_B02.mp3
B,3,Agua y florida,,,LP2852,2'56,LP2852_1z1_B03.mp3
B,4,Sauce sabes querer,,,LP2852,3'15,LP2852_1z1_B04.mp3
B,5,El solterito,,,LP2852,2'35,LP2852_1z1_B05.mp3
B,6,Huaychito,,,LP2852,3'08,LP2852_1z1_B06.mp3
A,1,MANCHAY PUITO,(Del Folk. Boliviano),,LP2847,2'24,LP2847_1z1_A01.mp3
A,2,CERRITO VERDE,"(Los
Emb. del Guadalquivir)",,LP2847,3'06,LP2847_1z1_A02.mp3
A,3,MELINDROSA,"(Del Folklore.
Boliviano)",,LP2847,2'08,LP2847_1z1_A03.mp3
A,4,PADILLITA,(Hnos. Gutiérrez),,LP2847,2'54,LP2847_1z1_A04.mp3
A,5,EL BORRACHO,"(Del
Folklore Boliviano)",,LP2847,2'02,LP2847_1z1_A05.mp3
A,6,POUTPURRI DE BAILECITOS,"(Del Folk.
Boliviano)",,LP2847,3'20,LP2847_1z1_A06.mp3
A,7,LUMI PANKARA DE COLQUENCHA,(Del Folk. Boliviano),,LP2847,2'00,LP2847_1z1_A07.mp3
B,1,NOCHE ESPLENDOROSA,(Manuel Luna),,LP2847,3'11,LP2847_1z1_B01.mp3
B,2,EL TEJAR,(Los Indios de Sucre),,LP2847,2'51,LP2847_1z1_B02.mp3
B,3,CHIHUANQUITO,(Flawito de Chuncho),,LP2847,2'06,LP2847_1z1_B03.mp3
B,4,CHULUMANEÑITA,(Willy Loredo),,LP2847,2'14,LP2847_1z1_B04.mp3
B,5,POUTPURRI DE HUAYÑOS,(Del Folklore Boliviano),,LP2847,2'21,LP2847_1z1_B05.mp3
B,6,CASARASUN,"(Del
Flok. Boliviano)",,LP2847,2'55,LP2847_1z1_B06.mp3
B,7,TONADA Y ZAPATEO,"(Del
Folklore Boliviano)",,LP2847,2'01,LP2847_1z1_B07.mp3
A,1,CARANCHO PEPÓ,Emilio Biggi Gumersindo Ayala,,LP2725,2'34,LP2725_1z1_A01.mp3
A,2,CHE JASMIN,Epifanio Méndez Fleitas Teodoro S. Mongelos,,LP2725,2'40,LP2725_1z1_A02.mp3
A,3,LA FLOR DE TEBICUARY,Silverio Rojas,,LP2725,2'02,LP2725_1z1_A03.mp3
A,4,CHE ANGA YUJHEI,Lorenzo Leguizamón E. Bobadilla Cáceres,,LP2725,2'28,LP2725_1z1_A04.mp3
A,5,MUJER PARAGUAYA,Juan Carlos Moreno González - Manuel Frutos Pane,,LP2725,2'20,LP2725_1z1_A05.mp3
A,6,ALFONSO LOMA,Motivo Popular Paraguayo M. Cardozo Ocampo,,LP2725,2'28,LP2725_1z1_A06.mp3
B,7,CHE RENDUMINA RAMONITA,Emilio Bobadillo Cáceres - Carlos Miguel Giménez,,LP2725,missing,LP2725_1z1_B07.mp3
B,8,MI LEJANO AMOR,Francisco Javier Martínez Eduardo Schetina,,LP2725,missing,LP2725_1z1_B08.mp3
B,9,CORDIÓN YAJHE' Ó,Félix Pérez Cardozo,,LP2725,missing,LP2725_1z1_B09.mp3
B,10,NDE KERA NOPÚVO,Ramón Vargas Colman,,LP2725,missing,LP2725_1z1_B10.mp3
B,11,AÑORANDO TU AMOR,Neneco Norton - Silverio Ricciardi,,LP2725,missing,LP2725_1z1_B11.mp3
B,12,COYGÜÁ NEMBOKÍ,Prudencio Giménez - Audón Garcete,,LP2725,missing,LP2725_1z1_B12.mp3
A,1,Guavirá Poty,E. R. Fernández - M.C. Ocampo,,LP2730,2'44,LP2730_1z1_A01.mp3
A,2,Ndeve Añonte Rojhayjú,Papı Meza,,LP2730,2'04,LP2730_1z1_A02.mp3
A,3,Nda Che Pochyi Nendivé,E. R. Fernández - F. P. Cardozo,,LP2730,3'15,LP2730_1z1_A03.mp3
A,4,Adiós Rosita,E. R. Fernández B. Ehague,,LP2730,2'44,LP2730_1z1_A04.mp3
A,5,Selección de Polcas Deportivas.,,,LP2730,5'07,LP2730_1z1_A05.mp3
A,6,Barcino Colí,E. R. Fernández - Andrés C. Zaldívar,,LP2730,missing,LP2730_1z1_A06.mp3
B,1,Entre Dos Roimé,Herminio Giménez,,LP2730,3'06,LP2730_1z1_B01.mp3
B,2,Selección de Polcas de Hilarión Correa,,,LP2730,2'16,LP2730_1z1_B02.mp3
B,3,Estancia Vacá Retá,Lorenzo Leguizamón - J. D. Portillo,,LP2730,3'33,LP2730_1z1_B03.mp3
B,4,Forrajerita,Lorenzo Leguizamón,,LP2730,2'54,LP2730_1z1_B04.mp3
B,5,Mitä Cuñá Yuky'ete,,,LP2730,1'58,LP2730_1z1_B05.mp3
A,1,NDE PUCAVY CHE RENOI,(Hnos. Yambay),,LP2738,2'43,LP2738_1z1_A01.mp3
A,2,AL PIE DE TU REJA,(Fernando Rivarola),,LP2738,3'04,LP2738_1z1_A02.mp3
A,3,MARCELITO,(Ramón Barrios),,LP2738,2'01,LP2738_1z1_A03.mp3
A,4,MI PROMESA,(R. Vargas C.A. Dávalos),,LP2738,2'12,LP2738_1z1_A04.mp3
A,5,MBORAYJU ANGUECOI,(C. M. González-F González),,LP2738,2'31,LP2738_1z1_A05.mp3
A,6,NDE RECHA SEGUI,(Isaac Chilabert),,LP2738,2'14,LP2738_1z1_A06.mp3
B,7,"VY'A Y, YUAYJU RIRE",(Heri Lugo-F V Bogado),,LP2738,missing,LP2738_1z1_B07.mp3
B,8,MI RUBIA DE SOL,(B. Echagüe-P Almirón),,LP2738,missing,LP2738_1z1_B08.mp3
B,9,ITAPE POTY,(M. Benítez Casco),,LP2738,missing,LP2738_1z1_B09.mp3
B,10,MI CLAVELINA,(Hilarión Correa),,LP2738,missing,LP2738_1z1_B10.mp3
B,11,MI TACUÑA,(Félix V Bogado),,LP2738,missing,LP2738_1z1_B11.mp3
B,12,GUYRA FARRA,(Demetrio Aguilar),,LP2738,missing,LP2738_1z1_B12.mp3
